epoch,loss
1,0.6975134611129761
2,0.6880487203598022
3,0.6773743629455566
4,0.6649195551872253
5,0.6508076190948486
6,0.6356162428855896
